{"cameraMode":{"drawMode":0,"name":"Shaded","section":"Shading Mode"},"sceneLighting":true,"audioPlay":false,"sceneViewState":{"m_AlwaysRefresh":false,"showFog":true,"showSkybox":true,"showFlares":true,"showImageEffects":true,"showParticleSystems":true,"showVisualEffectGraphs":true,"m_FxEnabled":true},"in2DMode":false,"pivot":{"x":-8.91162395477295,"y":3.473703384399414,"z":-0.4548134207725525},"rotation":{"x":0.22602571547031403,"y":-0.005844691302627325,"z":0.0013561719097197056,"w":0.9741030931472778},"size":12.12435531616211,"orthographic":true}